review,sentiment,clean_review
I love this product 😊,1,love product smilingfacewithsmilingeyes
Amazing service!,1,amazing service
Excellent quality,1,excellent quality
Very happy,1,happy
Worth buying,1,worth buying
I love this product 😊,1,love product smilingfacewithsmilingeyes
Amazing service!,1,amazing service
Excellent quality,1,excellent quality
Very happy,1,happy
Worth buying,1,worth buying
I love this product 😊,1,love product smilingfacewithsmilingeyes
Amazing service!,1,amazing service
Excellent quality,1,excellent quality
Very happy,1,happy
Worth buying,1,worth buying
I love this product 😊,1,love product smilingfacewithsmilingeyes
Amazing service!,1,amazing service
Excellent quality,1,excellent quality
Very happy,1,happy
Worth buying,1,worth buying
I love this product 😊,1,love product smilingfacewithsmilingeyes
Amazing service!,1,amazing service
Excellent quality,1,excellent quality
Very happy,1,happy
Worth buying,1,worth buying
I love this product 😊,1,love product smilingfacewithsmilingeyes
Amazing service!,1,amazing service
Excellent quality,1,excellent quality
Very happy,1,happy
Worth buying,1,worth buying
I love this product 😊,1,love product smilingfacewithsmilingeyes
Amazing service!,1,amazing service
Excellent quality,1,excellent quality
Very happy,1,happy
Worth buying,1,worth buying
I love this product 😊,1,love product smilingfacewithsmilingeyes
Amazing service!,1,amazing service
Excellent quality,1,excellent quality
Very happy,1,happy
Worth buying,1,worth buying
I love this product 😊,1,love product smilingfacewithsmilingeyes
Amazing service!,1,amazing service
Excellent quality,1,excellent quality
Very happy,1,happy
Worth buying,1,worth buying
I love this product 😊,1,love product smilingfacewithsmilingeyes
Amazing service!,1,amazing service
Excellent quality,1,excellent quality
Very happy,1,happy
Worth buying,1,worth buying
I hate this product 😡,0,hate product enragedface
Bad service,0,bad service
Poor quality,0,poor quality
Very disappointed,0,disappointed
Waste of money,0,waste money
I hate this product 😡,0,hate product enragedface
Bad service,0,bad service
Poor quality,0,poor quality
Very disappointed,0,disappointed
Waste of money,0,waste money
I hate this product 😡,0,hate product enragedface
Bad service,0,bad service
Poor quality,0,poor quality
Very disappointed,0,disappointed
Waste of money,0,waste money
I hate this product 😡,0,hate product enragedface
Bad service,0,bad service
Poor quality,0,poor quality
Very disappointed,0,disappointed
Waste of money,0,waste money
I hate this product 😡,0,hate product enragedface
Bad service,0,bad service
Poor quality,0,poor quality
Very disappointed,0,disappointed
Waste of money,0,waste money
I hate this product 😡,0,hate product enragedface
Bad service,0,bad service
Poor quality,0,poor quality
Very disappointed,0,disappointed
Waste of money,0,waste money
I hate this product 😡,0,hate product enragedface
Bad service,0,bad service
Poor quality,0,poor quality
Very disappointed,0,disappointed
Waste of money,0,waste money
I hate this product 😡,0,hate product enragedface
Bad service,0,bad service
Poor quality,0,poor quality
Very disappointed,0,disappointed
Waste of money,0,waste money
I hate this product 😡,0,hate product enragedface
Bad service,0,bad service
Poor quality,0,poor quality
Very disappointed,0,disappointed
Waste of money,0,waste money
I hate this product 😡,0,hate product enragedface
Bad service,0,bad service
Poor quality,0,poor quality
Very disappointed,0,disappointed
Waste of money,0,waste money
