review,sentiment
I love this product 😊,1
Amazing service!,1
Excellent quality,1
Very happy,1
Worth buying,1
I love this product 😊,1
Amazing service!,1
Excellent quality,1
Very happy,1
Worth buying,1
I love this product 😊,1
Amazing service!,1
Excellent quality,1
Very happy,1
Worth buying,1
I love this product 😊,1
Amazing service!,1
Excellent quality,1
Very happy,1
Worth buying,1
I love this product 😊,1
Amazing service!,1
Excellent quality,1
Very happy,1
Worth buying,1
I love this product 😊,1
Amazing service!,1
Excellent quality,1
Very happy,1
Worth buying,1
I love this product 😊,1
Amazing service!,1
Excellent quality,1
Very happy,1
Worth buying,1
I love this product 😊,1
Amazing service!,1
Excellent quality,1
Very happy,1
Worth buying,1
I love this product 😊,1
Amazing service!,1
Excellent quality,1
Very happy,1
Worth buying,1
I love this product 😊,1
Amazing service!,1
Excellent quality,1
Very happy,1
Worth buying,1
I hate this product 😡,0
Bad service,0
Poor quality,0
Very disappointed,0
Waste of money,0
I hate this product 😡,0
Bad service,0
Poor quality,0
Very disappointed,0
Waste of money,0
I hate this product 😡,0
Bad service,0
Poor quality,0
Very disappointed,0
Waste of money,0
I hate this product 😡,0
Bad service,0
Poor quality,0
Very disappointed,0
Waste of money,0
I hate this product 😡,0
Bad service,0
Poor quality,0
Very disappointed,0
Waste of money,0
I hate this product 😡,0
Bad service,0
Poor quality,0
Very disappointed,0
Waste of money,0
I hate this product 😡,0
Bad service,0
Poor quality,0
Very disappointed,0
Waste of money,0
I hate this product 😡,0
Bad service,0
Poor quality,0
Very disappointed,0
Waste of money,0
I hate this product 😡,0
Bad service,0
Poor quality,0
Very disappointed,0
Waste of money,0
I hate this product 😡,0
Bad service,0
Poor quality,0
Very disappointed,0
Waste of money,0
